[
    {
        "date": "2025-03-06 15:38:01",
        "taxInvoiceNo": 1,
        "user": "abcdtest",
        "numberPromptPay": "0961034330",
        "numberPeople": 3,
        "menu": ["testfood", "testfood2", "testfood3"],
        "menuPrice": {
            "testfood": 450,
            "testfood2": 700,
            "testfood3": 320
        },
        "personPayment": {
            "A": 490.0,
            "B": 490.0,
            "C": 490.0
        },
        "totalBath": 1470.0,
        "discount": 0.0,
        "taxRate": 0.0,
        "VATable": 1470.0
    }
]